Transaction Date,Transaction Details,Amount,Dr/Cr
2026-04-03,"FLIPKART INTERNET PVT LTD 1005",2986.02,Dr
2026-04-06,"BOOKMYSHOW 1028",563.58,Dr
2026-04-08,"BOOKMYSHOW 1015",870.39,Dr
2026-04-09,"MYNTRA DESIGNS 1025",2144.01,Dr
2026-04-21,"BOOKMYSHOW 1019",697.07,Dr
2026-04-22,"PAYMENT RECEIVED - THANK YOU",12990.48,Cr
2026-05-01,"BOOKMYSHOW 1008",590.67,Dr
2026-05-01,"MYNTRA DESIGNS 1023",1767.98,Dr
2026-05-02,"AMAZON PAY INDIA PVT LTD BANGALORE 1016",1285.51,Dr
2026-05-05,"MYNTRA DESIGNS 1020",1409.15,Dr
2026-05-10,"AMAZON PAY INDIA PVT LTD BANGALORE 1022",1572.27,Dr
2026-05-13,"MAKEMYTRIP INDIA 1005",8422.36,Dr
2026-05-17,"FLIPKART INTERNET PVT LTD 1024",2050.29,Dr
2026-05-21,"MYNTRA DESIGNS 1003",1769.33,Dr
2026-05-22,"PAYMENT RECEIVED - THANK YOU",9357.59,Cr
2026-05-23,"MAKEMYTRIP INDIA 1007",8689.28,Dr
2026-05-24,"AMAZON PAY INDIA PVT LTD BANGALORE 1010",2661.86,Dr
2026-05-25,"FLIPKART INTERNET PVT LTD 1001",1117.96,Dr
2026-06-02,"BOOKMYSHOW 1005",762.84,Dr
2026-06-04,"FLIPKART INTERNET PVT LTD 1023",1691.11,Dr
2026-06-12,"AMAZON PAY INDIA PVT LTD BANGALORE 1019",3354.02,Dr
2026-06-19,"MYNTRA DESIGNS 1024",1031.71,Dr
2026-06-20,"BOOKMYSHOW 1004",749.29,Dr
2026-06-20,"FLIPKART INTERNET PVT LTD 1011",895.02,Dr
2026-06-21,"MYNTRA DESIGNS 1022",1476.29,Dr
2026-06-22,"PAYMENT RECEIVED - THANK YOU",13441.93,Cr
2026-06-25,"MAKEMYTRIP INDIA 1008",6545.55,Dr
2026-06-25,"MYNTRA DESIGNS 1014",1773.83,Dr
2026-06-25,"FLIPKART INTERNET PVT LTD 1025",1840.45,Dr
2026-06-26,"FLIPKART INTERNET PVT LTD 1016",1288.32,Dr
2026-07-02,"MYNTRA DESIGNS 1000",2552.31,Dr
2026-07-04,"AMAZON PAY INDIA PVT LTD BANGALORE 1013",3302.95,Dr
2026-07-04,"MAKEMYTRIP INDIA 1022",7249.75,Dr
2026-07-07,"AMAZON PAY INDIA PVT LTD BANGALORE 1011",3872.67,Dr
2026-07-13,"BOOKMYSHOW 1009",1094.09,Dr
2026-07-14,"MAKEMYTRIP INDIA 1028",5048.70,Dr
2026-07-22,"PAYMENT RECEIVED - THANK YOU",8603.46,Cr
2026-07-24,"FLIPKART INTERNET PVT LTD 1012",3394.03,Dr
2026-07-24,"MYNTRA DESIGNS 1024",735.00,Dr
2026-07-25,"BOOKMYSHOW 1030",781.98,Dr
2026-08-01,"MAKEMYTRIP INDIA 1022",4752.02,Dr
2026-08-03,"MAKEMYTRIP INDIA 1021",6528.66,Dr
2026-08-04,"MYNTRA DESIGNS 1015",865.64,Dr
2026-08-06,"AMAZON PAY INDIA PVT LTD BANGALORE 1002",2344.42,Dr
2026-08-07,"AMAZON PAY INDIA PVT LTD BANGALORE 1001",4189.86,Dr
2026-08-09,"AMAZON PAY INDIA PVT LTD BANGALORE 1014",3135.39,Dr
2026-08-11,"AMAZON PAY INDIA PVT LTD BANGALORE 1010",994.21,Dr
2026-08-15,"MAKEMYTRIP INDIA 1000",4011.43,Dr
2026-08-17,"MAKEMYTRIP INDIA 1019",3759.70,Dr
2026-08-18,"BOOKMYSHOW 1006",546.11,Dr
2026-08-22,"PAYMENT RECEIVED - THANK YOU",10397.72,Cr
2026-08-24,"MAKEMYTRIP INDIA 1025",7094.30,Dr
2026-08-25,"FLIPKART INTERNET PVT LTD 1018",1208.08,Dr
2026-08-25,"MYNTRA DESIGNS 1023",1285.99,Dr
2026-08-25,"CROMA RETAIL ELECTRONICS",38999.00,Dr
2026-08-26,"FLIPKART INTERNET PVT LTD 1028",1897.81,Dr
2026-09-02,"BOOKMYSHOW 1016",482.07,Dr
2026-09-04,"MYNTRA DESIGNS 1027",2568.93,Dr
2026-09-06,"AMAZON PAY INDIA PVT LTD BANGALORE 1002",3773.58,Dr
2026-09-07,"FLIPKART INTERNET PVT LTD 1008",1108.18,Dr
2026-09-11,"MYNTRA DESIGNS 1013",878.89,Dr
2026-09-11,"AMAZON PAY INDIA PVT LTD BANGALORE 1025",3134.07,Dr
2026-09-12,"AMAZON PAY INDIA PVT LTD BANGALORE 1009",365.88,Dr
2026-09-15,"FLIPKART INTERNET PVT LTD 1000",715.49,Dr
2026-09-15,"FLIPKART INTERNET PVT LTD 1026",689.98,Dr
2026-09-16,"MYNTRA DESIGNS 1012",2564.39,Dr
2026-09-18,"FLIPKART INTERNET PVT LTD 1023",2361.82,Dr
2026-09-22,"PAYMENT RECEIVED - THANK YOU",10641.49,Cr
2026-09-22,"AMAZON PAY INDIA PVT LTD BANGALORE 1014",3379.05,Dr
2026-09-28,"AMAZON PAY INDIA PVT LTD BANGALORE 1004",3131.19,Dr
2026-09-28,"BOOKMYSHOW 1020",911.70,Dr